{"ParseStatus":"Success","Title":{"Code":36,"String":"緊急地震速報（予報）","Detail":"マグニチュード、最大予測震度及び主要動到達予測時刻の緊急地震速報（発表パターン2： B-Δ法、テリトリ法）"},"Source":{"Code":4,"String":"大阪"},"Status":{"Code":"00","String":"通常","Detail":"通常"},"AnnouncedTime":{"String":"2022/05/09 15:23:19","UnixTime":1652077399,"RFC1123":"Mon, 09 May 2022 06:23:19 UTC"},"OriginTime":{"String":"2022/05/09 15:22:44","UnixTime":1652077364,"RFC1123":"Mon, 09 May 2022 06:22:44 UTC"},"EventID":"20220509152315","Type":{"Code":0,"String":"発表","Detail":"発表(予報)"},"Serial":1,"Hypocenter":{"Code":900,"Name":"台湾付近","isAssumption":false,"Location":{"Lat":23.5,"Long":121.4,"Depth":{"Int":10,"String":"約10km"}},"Magnitude":{"Float":6.8,"String":"M6.8","LongString":"M6.8"},"Accuracy":{"Epicenter":{"Code":2,"String":"IPF法(2点)","Rank2":2,"String2":"IPF法(2点)"},"Depth":{"Code":2,"String":"IPF法(2点)"},"Magnitude":{"Code":3,"String":"全点P相"},"NumberOfMagnitudeCalculation":2},"isSea":true},"MaxIntensity":{"From":"3","To":"3","String":"3","LongString":"3程度"},"Warn":false,"Option":{"Change":{"Code":0,"String":"不明","Reason":{"Code":0,"String":"不明"}}},"OriginalText":"36 04 00 220509152319 C11 220509152244 ND20220509152315 NCN001 JD////////////// JN/// 900 N235 E1214 010 68 03 RK22322 RT10/// RC///// 9999="}