{"ParseStatus":"Success","Title":{"Code":37,"String":"緊急地震速報（警報）","Detail":"マグニチュード、最大予測震度及び主要動到達予測時刻の緊急地震速報（発表パターン3： グリッドサーチ法、EPOS自動処理手法）"},"Source":{"Code":4,"String":"大阪"},"Status":{"Code":"00","String":"通常","Detail":"通常"},"AnnouncedTime":{"String":"2022/05/09 15:23:26","UnixTime":1652077406,"RFC1123":"Mon, 09 May 2022 06:23:26 UTC"},"OriginTime":{"String":"2022/05/09 15:22:46","UnixTime":1652077366,"RFC1123":"Mon, 09 May 2022 06:22:46 UTC"},"EventID":"20220509152315","Type":{"Code":0,"String":"発表","Detail":"発表(警報)"},"Serial":4,"Hypocenter":{"Code":900,"Name":"台湾付近","isAssumption":false,"Location":{"Lat":23.8,"Long":121.3,"Depth":{"Int":10,"String":"約10km"}},"Magnitude":{"Float":8,"String":"M8.0","LongString":"M8.0"},"Accuracy":{"Epicenter":{"Code":3,"String":"IPF法(3点/4点)","Rank2":3,"String2":"IPF法(3点/4点)"},"Depth":{"Code":3,"String":"IPF法(3点/4点)"},"Magnitude":{"Code":3,"String":"全点P相"},"NumberOfMagnitudeCalculation":2},"isSea":true},"MaxIntensity":{"From":"5-","To":"5-","String":"5弱","LongString":"5弱程度"},"Warn":true,"WarnForecast":{"Hypocenter":{"Code":9900,"Name":"台湾付近"},"District":["沖縄"],"LocalAreas":["八重山","宮古島"],"Regions":["沖縄県与那国島","沖縄県西表島","沖縄県石垣島","沖縄県宮古島"]},"Option":{"Change":{"Code":1,"String":"最大予測震度が1.0以上大きくなった","Reason":{"Code":2,"String":"主として震源位置が変化したため(10.0km以上)"}}},"Forecast":[{"Intensity":{"Code":806,"Name":"沖縄県与那国島","From":"5弱","To":"4","Description":"震度4から震度5弱程度"},"Warn":true,"Arrival":{"Flag":false,"Condition":"未到達と推測","Time":"15:23:37"}},{"Intensity":{"Code":807,"Name":"沖縄県西表島","From":"4","To":"4","Description":"震度4程度"},"Warn":true,"Arrival":{"Flag":false,"Condition":"未到達と推測","Time":"15:23:54"}},{"Intensity":{"Code":805,"Name":"沖縄県石垣島","From":"4","To":"4","Description":"震度4程度"},"Warn":true,"Arrival":{"Flag":false,"Condition":"未到達と推測","Time":"15:24:03"}},{"Intensity":{"Code":804,"Name":"沖縄県宮古島","From":"4","To":"3","Description":"震度3から震度4程度"},"Warn":true,"Arrival":{"Flag":false,"Condition":"未到達と推測","Time":"15:24:16"}}],"OriginalText":"37 04 00 220509152326 C11 220509152246 ND20220509152315 NCN004 JD////////////// JN/// 900 N238 E1213 010 80 5- RK33323 RT11/// RC12/// EBI 806 S5-04 152337 10 807 S0404 152354 10 805 S0404 152403 10 804 S0403 152416 10 9999="}