{"ParseStatus":"Success","Title":{"Code":37,"String":"緊急地震速報（警報）","Detail":"マグニチュード、最大予測震度及び主要動到達予測時刻の緊急地震速報（発表パターン3： グリッドサーチ法、EPOS自動処理手法）"},"Source":{"Code":4,"String":"大阪"},"Status":{"Code":"00","String":"通常","Detail":"通常"},"AnnouncedTime":{"String":"2022/05/09 15:23:46","UnixTime":1652077426,"RFC1123":"Mon, 09 May 2022 06:23:46 UTC"},"OriginTime":{"String":"2022/05/09 15:22:33","UnixTime":1652077353,"RFC1123":"Mon, 09 May 2022 06:22:33 UTC"},"EventID":"20220509152315","Type":{"Code":0,"String":"発表","Detail":"発表(警報)"},"Serial":10,"Hypocenter":{"Code":900,"Name":"台湾付近","isAssumption":false,"Location":{"Lat":23.4,"Long":120.5,"Depth":{"Int":10,"String":"約10km"}},"Magnitude":{"Float":8,"String":"M8.0","LongString":"M8.0"},"Accuracy":{"Epicenter":{"Code":4,"String":"IPF法(5点)","Rank2":4,"String2":"IPF法(5点)"},"Depth":{"Code":4,"String":"IPF法(5点)"},"Magnitude":{"Code":4,"String":"P相/全相混在"},"NumberOfMagnitudeCalculation":5},"isSea":true},"MaxIntensity":{"From":"4","To":"4","String":"4","LongString":"4程度"},"Warn":true,"WarnForecast":{"Hypocenter":{"Code":9900,"Name":"台湾付近"},"District":["沖縄"],"LocalAreas":["八重山","宮古島"],"Regions":["沖縄県与那国島","沖縄県西表島","沖縄県石垣島","沖縄県宮古島"]},"Option":{"Change":{"Code":0,"String":"ほとんど変化なし","Reason":{"Code":0,"String":"不明"}}},"Forecast":[{"Intensity":{"Code":806,"Name":"沖縄県与那国島","From":"4","To":"4","Description":"震度4程度"},"Warn":true,"Arrival":{"Flag":true,"Condition":"既に主要動到達と推測"}},{"Intensity":{"Code":807,"Name":"沖縄県西表島","From":"4","To":"3","Description":"震度3から震度4程度"},"Warn":true,"Arrival":{"Flag":false,"Condition":"未到達と推測","Time":"15:24:02"}}],"OriginalText":"37 04 00 220509152346 C11 220509152233 ND20220509152315 NCN010 JD////////////// JN/// 900 N234 E1205 010 80 04 RK44454 RT11/// RC0//// EBI 806 S0404 ////// 11 807 S0403 152402 10 9999="}