{"ParseStatus":"Success","Title":{"Code":37,"String":"緊急地震速報（予報）","Detail":"マグニチュード、最大予測震度及び主要動到達予測時刻の緊急地震速報（発表パターン3： グリッドサーチ法、EPOS自動処理手法）"},"Source":{"Code":4,"String":"大阪"},"Status":{"Code":"00","String":"通常","Detail":"通常"},"AnnouncedTime":{"String":"2022/03/16 23:34:46","UnixTime":1647441286,"RFC1123":"Wed, 16 Mar 2022 14:34:46 UTC"},"OriginTime":{"String":"2022/03/16 23:34:27","UnixTime":1647441267,"RFC1123":"Wed, 16 Mar 2022 14:34:27 UTC"},"EventID":"20220316233436","Type":{"Code":0,"String":"発表","Detail":"発表(予報)"},"Serial":7,"Hypocenter":{"Code":289,"Name":"福島県沖","isAssumption":false,"Location":{"Lat":37.7,"Long":141.7,"Depth":{"Int":40,"String":"約40km"}},"Magnitude":{"Float":5.8,"String":"M5.8","LongString":"M5.8"},"Accuracy":{"Epicenter":{"Code":6,"String":"防災科研システム(5点以上)〔防災科研 Hi-net データ〕","Rank2":4,"String2":"IPF法(5点)"},"Depth":{"Code":6,"String":"防災科研システム(5点以上)〔防災科研 Hi-net データ〕"},"Magnitude":{"Code":4,"String":"P相/全相混在"},"NumberOfMagnitudeCalculation":5},"isSea":true},"MaxIntensity":{"From":"4","To":"4","String":"4","LongString":"4程度"},"Warn":false,"Option":{"Change":{"Code":0,"String":"ほとんど変化なし","Reason":{"Code":0,"String":"不明"}}},"Forecast":[],"OriginalText":"37 04 00 220316233446 C11 220316233427 ND20220316233436 NCN007 JD////////////// JN/// 289 N377 E1417 040 58 04 RK66454 RT10/// RC0//// EBI 251 S0404 233448 00 221 S0404 233451 00 220 S0404 233455 00 222 S0404 233455 00 250 S0404 233455 00 9999="}
