{"ParseStatus":"Success","Title":{"Code":37,"String":"緊急地震速報（予報）","Detail":"マグニチュード、最大予測震度及び主要動到達予測時刻の緊急地震速報（発表パターン3： グリッドサーチ法、EPOS自動処理手法）"},"Source":{"Code":4,"String":"大阪"},"Status":{"Code":"00","String":"通常","Detail":"通常"},"AnnouncedTime":{"String":"2022/03/16 23:34:41","UnixTime":1647441281,"RFC1123":"Wed, 16 Mar 2022 14:34:41 UTC"},"OriginTime":{"String":"2022/03/16 23:34:28","UnixTime":1647441268,"RFC1123":"Wed, 16 Mar 2022 14:34:28 UTC"},"EventID":"20220316233436","Type":{"Code":0,"String":"発表","Detail":"発表(予報)"},"Serial":1,"Hypocenter":{"Code":289,"Name":"福島県沖","isAssumption":false,"Location":{"Lat":37.7,"Long":141.6,"Depth":{"Int":50,"String":"約50km"}},"Magnitude":{"Float":5.3,"String":"M5.3","LongString":"M5.3"},"Accuracy":{"Epicenter":{"Code":4,"String":"IPF法(5点)","Rank2":4,"String2":"IPF法(5点)"},"Depth":{"Code":4,"String":"IPF法(5点)"},"Magnitude":{"Code":3,"String":"全点P相"},"NumberOfMagnitudeCalculation":1},"isSea":true},"MaxIntensity":{"From":"3","To":"3","String":"3","LongString":"3程度"},"Warn":false,"Option":{"Change":{"Code":0,"String":"不明","Reason":{"Code":0,"String":"不明"}}},"OriginalText":"37 04 00 220316233441 C11 220316233428 ND20220316233436 NCN001 JD////////////// JN/// 289 N377 E1416 050 53 03 RK44314 RT10/// RC///// 9999="}
