{"copyright":"Copyright © 2009-2012 Adobe Systems Incorporated. All Rights Reserved.","datas":[{"font":{"actualBoundingBoxAscent":35.327999114990234,"actualBoundingBoxDescent":0.5060005187988281,"actualBoundingBoxLeft":-1.6100000143051147,"actualBoundingBoxRight":24.70199966430664,"fontBoundingBoxAscent":40,"fontBoundingBoxDescent":6,"width":26.311996459960938},"position":{"x":4,"y":55}},{"font":{"actualBoundingBoxAscent":34.7760009765625,"actualBoundingBoxDescent":0,"actualBoundingBoxLeft":-3.863999843597412,"actualBoundingBoxRight":18.031999588012695,"fontBoundingBoxAscent":40,"fontBoundingBoxDescent":6,"width":26.311996459960938},"position":{"x":34,"y":55}},{"font":{"actualBoundingBoxAscent":35.327999114990234,"actualBoundingBoxDescent":0,"actualBoundingBoxLeft":-1.9780000448226929,"actualBoundingBoxRight":23.735998153686523,"fontBoundingBoxAscent":40,"fontBoundingBoxDescent":6,"width":26.311996459960938},"position":{"x":64,"y":55}},{"font":{"actualBoundingBoxAscent":35.327999114990234,"actualBoundingBoxDescent":0.5060005187988281,"actualBoundingBoxLeft":-1.747999906539917,"actualBoundingBoxRight":23.229999542236328,"fontBoundingBoxAscent":40,"fontBoundingBoxDescent":6,"width":26.311996459960938},"position":{"x":94,"y":55}},{"font":{"actualBoundingBoxAscent":34.7760009765625,"actualBoundingBoxDescent":0,"actualBoundingBoxLeft":-1.0119999647140503,"actualBoundingBoxRight":25.34600067138672,"fontBoundingBoxAscent":40,"fontBoundingBoxDescent":6,"width":26.311996459960938},"position":{"x":124,"y":55}},{"font":{"actualBoundingBoxAscent":34.82200241088867,"actualBoundingBoxDescent":0.5060005187988281,"actualBoundingBoxLeft":-1.931999921798706,"actualBoundingBoxRight":23.505998611450195,"fontBoundingBoxAscent":40,"fontBoundingBoxDescent":6,"width":26.311996459960938},"position":{"x":154,"y":55}},{"font":{"actualBoundingBoxAscent":35.28200149536133,"actualBoundingBoxDescent":0.5060005187988281,"actualBoundingBoxLeft":-1.5180000066757202,"actualBoundingBoxRight":24.93199920654297,"fontBoundingBoxAscent":40,"fontBoundingBoxDescent":6,"width":26.311996459960938},"position":{"x":184,"y":55}},{"font":{"actualBoundingBoxAscent":34.7760009765625,"actualBoundingBoxDescent":0,"actualBoundingBoxLeft":-2.4839999675750732,"actualBoundingBoxRight":24.149999618530273,"fontBoundingBoxAscent":40,"fontBoundingBoxDescent":6,"width":26.311996459960938},"position":{"x":214,"y":55}},{"font":{"actualBoundingBoxAscent":35.327999114990234,"actualBoundingBoxDescent":0.5060005187988281,"actualBoundingBoxLeft":-1.6100000143051147,"actualBoundingBoxRight":24.74799919128418,"fontBoundingBoxAscent":40,"fontBoundingBoxDescent":6,"width":26.311996459960938},"position":{"x":244,"y":55}},{"font":{"actualBoundingBoxAscent":35.327999114990234,"actualBoundingBoxDescent":1.1040000915527344,"actualBoundingBoxLeft":-1.6100000143051147,"actualBoundingBoxRight":24.70199966430664,"fontBoundingBoxAscent":40,"fontBoundingBoxDescent":6,"width":26.311996459960938},"position":{"x":274,"y":55}},{"font":{"actualBoundingBoxAscent":8.234000205993652,"actualBoundingBoxDescent":0.5059995651245117,"actualBoundingBoxLeft":-2.621999979019165,"actualBoundingBoxRight":10.8100004196167,"fontBoundingBoxAscent":40,"fontBoundingBoxDescent":6,"width":12.465988159179688},"position":{"x":304,"y":55}}],"name":"AdobeGothicStd-Bold","size":46,"bold":false,"italic":false,"text":"0123456789."}
