{"copyright":"Copyright © 2006, 2008-2011 Adobe Systems Incorporated. All Rights Reserved.","datas":[{"font":{"actualBoundingBoxAscent":35.908748626708984,"actualBoundingBoxDescent":1.2247505187988281,"actualBoundingBoxLeft":-0.9832500219345093,"actualBoundingBoxRight":24.868755340576172,"fontBoundingBoxAscent":40,"fontBoundingBoxDescent":6,"width":25.85198974609375},"position":{"x":4,"y":55}},{"font":{"actualBoundingBoxAscent":35.35675048828125,"actualBoundingBoxDescent":0.71875,"actualBoundingBoxLeft":-3.6938459873199463,"actualBoundingBoxRight":17.600749969482422,"fontBoundingBoxAscent":40,"fontBoundingBoxDescent":6,"width":25.85198974609375},"position":{"x":34,"y":55}},{"font":{"actualBoundingBoxAscent":35.908756256103516,"actualBoundingBoxDescent":0.71875,"actualBoundingBoxLeft":-1.3972500562667847,"actualBoundingBoxRight":23.90275001525879,"fontBoundingBoxAscent":40,"fontBoundingBoxDescent":6,"width":25.85198974609375},"position":{"x":64,"y":55}},{"font":{"actualBoundingBoxAscent":35.908756256103516,"actualBoundingBoxDescent":1.2247505187988281,"actualBoundingBoxLeft":-1.0749354362487793,"actualBoundingBoxRight":23.304758071899414,"fontBoundingBoxAscent":40,"fontBoundingBoxDescent":6,"width":25.85198974609375},"position":{"x":94,"y":55}},{"font":{"actualBoundingBoxAscent":35.35675048828125,"actualBoundingBoxDescent":0.71875,"actualBoundingBoxLeft":-0.2932499945163727,"actualBoundingBoxRight":25.55875015258789,"fontBoundingBoxAscent":40,"fontBoundingBoxDescent":6,"width":25.85198974609375},"position":{"x":124,"y":55}},{"font":{"actualBoundingBoxAscent":35.35675048828125,"actualBoundingBoxDescent":1.2247505187988281,"actualBoundingBoxLeft":-1.134381890296936,"actualBoundingBoxRight":23.442750930786133,"fontBoundingBoxAscent":40,"fontBoundingBoxDescent":6,"width":25.85198974609375},"position":{"x":154,"y":55}},{"font":{"actualBoundingBoxAscent":35.86279296875,"actualBoundingBoxDescent":1.2247505187988281,"actualBoundingBoxLeft":-0.9372498989105225,"actualBoundingBoxRight":25.006750106811523,"fontBoundingBoxAscent":40,"fontBoundingBoxDescent":6,"width":25.85198974609375},"position":{"x":184,"y":55}},{"font":{"actualBoundingBoxAscent":35.35675048828125,"actualBoundingBoxDescent":0.71875,"actualBoundingBoxLeft":-1.9492499828338623,"actualBoundingBoxRight":24.316749572753906,"fontBoundingBoxAscent":40,"fontBoundingBoxDescent":6,"width":25.85198974609375},"position":{"x":214,"y":55}},{"font":{"actualBoundingBoxAscent":35.908748626708984,"actualBoundingBoxDescent":1.2247505187988281,"actualBoundingBoxLeft":-1.0752499103546143,"actualBoundingBoxRight":24.822757720947266,"fontBoundingBoxAscent":40,"fontBoundingBoxDescent":6,"width":25.85198974609375},"position":{"x":244,"y":55}},{"font":{"actualBoundingBoxAscent":35.908748626708984,"actualBoundingBoxDescent":1.2677459716796875,"actualBoundingBoxLeft":-1.167250394821167,"actualBoundingBoxRight":24.868749618530273,"fontBoundingBoxAscent":40,"fontBoundingBoxDescent":6,"width":25.85198974609375},"position":{"x":274,"y":55}},{"font":{"actualBoundingBoxAscent":7.526750087738037,"actualBoundingBoxDescent":1.22475004196167,"actualBoundingBoxLeft":-1.9492499828338623,"actualBoundingBoxRight":10.240751266479492,"fontBoundingBoxAscent":40,"fontBoundingBoxDescent":6,"width":11.269989013671875},"position":{"x":304,"y":55}}],"name":"AdobeHeitiStd-Regular","size":46,"bold":true,"italic":false,"text":"0123456789."}
