{"datas":[{"position":{"x":40,"y":65},"id":"011"},{"position":{"x":40,"y":130},"id":"012"},{"position":{"x":40,"y":195},"id":"013"},{"position":{"x":40,"y":260},"id":"014"},{"position":{"x":40,"y":325},"id":"015"},{"position":{"x":40,"y":390},"id":"016"},{"position":{"x":40,"y":455},"id":"017"},{"position":{"x":40,"y":520},"id":"018"},{"position":{"x":40,"y":585},"id":"019"},{"position":{"x":40,"y":650},"id":"020"},{"position":{"x":40,"y":715},"id":"021"},{"position":{"x":40,"y":780},"id":"100"},{"position":{"x":40,"y":845},"id":"101"},{"position":{"x":40,"y":910},"id":"102"},{"position":{"x":40,"y":975},"id":"105"},{"position":{"x":40,"y":1040},"id":"106"},{"position":{"x":40,"y":1105},"id":"107"},{"position":{"x":40,"y":1170},"id":"110"},{"position":{"x":40,"y":1235},"id":"115"},{"position":{"x":40,"y":1300},"id":"116"},{"position":{"x":40,"y":1365},"id":"117"},{"position":{"x":40,"y":1430},"id":"120"},{"position":{"x":40,"y":1495},"id":"121"},{"position":{"x":40,"y":1560},"id":"122"},{"position":{"x":40,"y":1625},"id":"125"},{"position":{"x":40,"y":1690},"id":"126"},{"position":{"x":40,"y":1755},"id":"127"},{"position":{"x":40,"y":1820},"id":"130"},{"position":{"x":40,"y":1885},"id":"131"},{"position":{"x":40,"y":1950},"id":"135"},{"position":{"x":40,"y":2015},"id":"136"},{"position":{"x":40,"y":2080},"id":"140"},{"position":{"x":40,"y":2145},"id":"141"},{"position":{"x":40,"y":2210},"id":"142"},{"position":{"x":40,"y":2275},"id":"145"},{"position":{"x":40,"y":2340},"id":"146"},{"position":{"x":40,"y":2405},"id":"150"},{"position":{"x":40,"y":2470},"id":"151"},{"position":{"x":40,"y":2535},"id":"152"},{"position":{"x":40,"y":2600},"id":"155"},{"position":{"x":40,"y":2665},"id":"156"},{"position":{"x":40,"y":2730},"id":"157"},{"position":{"x":40,"y":2795},"id":"160"},{"position":{"x":40,"y":2860},"id":"161"},{"position":{"x":40,"y":2925},"id":"165"},{"position":{"x":40,"y":2990},"id":"166"},{"position":{"x":40,"y":3055},"id":"167"},{"position":{"x":40,"y":3120},"id":"180"},{"position":{"x":40,"y":3185},"id":"181"},{"position":{"x":40,"y":3250},"id":"182"},{"position":{"x":40,"y":3315},"id":"183"},{"position":{"x":40,"y":3380},"id":"184"},{"position":{"x":40,"y":3445},"id":"186"},{"position":{"x":40,"y":3510},"id":"187"},{"position":{"x":40,"y":3575},"id":"188"},{"position":{"x":40,"y":3640},"id":"189"},{"position":{"x":40,"y":3705},"id":"190"},{"position":{"x":40,"y":3770},"id":"191"},{"position":{"x":40,"y":3835},"id":"192"},{"position":{"x":40,"y":3900},"id":"193"},{"position":{"x":40,"y":3965},"id":"194"},{"position":{"x":40,"y":4030},"id":"195"},{"position":{"x":40,"y":4095},"id":"196"},{"position":{"x":40,"y":4160},"id":"197"},{"position":{"x":40,"y":4225},"id":"200"},{"position":{"x":40,"y":4290},"id":"201"},{"position":{"x":40,"y":4355},"id":"202"},{"position":{"x":40,"y":4420},"id":"203"},{"position":{"x":40,"y":4485},"id":"210"},{"position":{"x":40,"y":4550},"id":"211"},{"position":{"x":40,"y":4615},"id":"212"},{"position":{"x":40,"y":4680},"id":"213"},{"position":{"x":40,"y":4745},"id":"220"},{"position":{"x":40,"y":4810},"id":"221"},{"position":{"x":40,"y":4875},"id":"222"},{"position":{"x":40,"y":4940},"id":"230"},{"position":{"x":40,"y":5005},"id":"231"},{"position":{"x":40,"y":5070},"id":"232"},{"position":{"x":40,"y":5135},"id":"233"},{"position":{"x":40,"y":5200},"id":"240"},{"position":{"x":40,"y":5265},"id":"241"},{"position":{"x":40,"y":5330},"id":"242"},{"position":{"x":40,"y":5395},"id":"243"},{"position":{"x":40,"y":5460},"id":"250"},{"position":{"x":40,"y":5525},"id":"251"},{"position":{"x":40,"y":5590},"id":"252"},{"position":{"x":40,"y":5655},"id":"280"},{"position":{"x":40,"y":5720},"id":"281"},{"position":{"x":40,"y":5785},"id":"282"},{"position":{"x":40,"y":5850},"id":"283"},{"position":{"x":40,"y":5915},"id":"284"},{"position":{"x":40,"y":5980},"id":"285"},{"position":{"x":40,"y":6045},"id":"286"},{"position":{"x":40,"y":6110},"id":"287"},{"position":{"x":40,"y":6175},"id":"288"},{"position":{"x":40,"y":6240},"id":"289"},{"position":{"x":40,"y":6305},"id":"300"},{"position":{"x":40,"y":6370},"id":"301"},{"position":{"x":40,"y":6435},"id":"309"},{"position":{"x":40,"y":6500},"id":"310"},{"position":{"x":40,"y":6565},"id":"311"},{"position":{"x":40,"y":6630},"id":"320"},{"position":{"x":40,"y":6695},"id":"321"},{"position":{"x":40,"y":6760},"id":"330"},{"position":{"x":40,"y":6825},"id":"331"},{"position":{"x":40,"y":6890},"id":"332"},{"position":{"x":40,"y":6955},"id":"340"},{"position":{"x":40,"y":7020},"id":"341"},{"position":{"x":40,"y":7085},"id":"342"},{"position":{"x":40,"y":7150},"id":"349"},{"position":{"x":40,"y":7215},"id":"350"},{"position":{"x":40,"y":7280},"id":"351"},{"position":{"x":40,"y":7345},"id":"352"},{"position":{"x":40,"y":7410},"id":"360"},{"position":{"x":40,"y":7475},"id":"361"},{"position":{"x":40,"y":7540},"id":"370"},{"position":{"x":40,"y":7605},"id":"371"},{"position":{"x":40,"y":7670},"id":"372"},{"position":{"x":40,"y":7735},"id":"378"},{"position":{"x":40,"y":7800},"id":"379"},{"position":{"x":40,"y":7865},"id":"380"},{"position":{"x":40,"y":7930},"id":"381"},{"position":{"x":40,"y":7995},"id":"390"},{"position":{"x":40,"y":8060},"id":"391"},{"position":{"x":40,"y":8125},"id":"400"},{"position":{"x":40,"y":8190},"id":"401"},{"position":{"x":40,"y":8255},"id":"411"},{"position":{"x":40,"y":8320},"id":"412"},{"position":{"x":40,"y":8385},"id":"420"},{"position":{"x":40,"y":8450},"id":"421"},{"position":{"x":40,"y":8515},"id":"422"},{"position":{"x":40,"y":8580},"id":"430"},{"position":{"x":40,"y":8645},"id":"431"},{"position":{"x":40,"y":8710},"id":"432"},{"position":{"x":40,"y":8775},"id":"440"},{"position":{"x":40,"y":8840},"id":"441"},{"position":{"x":40,"y":8905},"id":"442"},{"position":{"x":40,"y":8970},"id":"443"},{"position":{"x":40,"y":9035},"id":"450"},{"position":{"x":40,"y":9100},"id":"451"},{"position":{"x":40,"y":9165},"id":"460"},{"position":{"x":40,"y":9230},"id":"461"},{"position":{"x":40,"y":9295},"id":"462"},{"position":{"x":40,"y":9360},"id":"469"},{"position":{"x":40,"y":9425},"id":"471"},{"position":{"x":40,"y":9490},"id":"472"},{"position":{"x":40,"y":9555},"id":"473"},{"position":{"x":40,"y":9620},"id":"475"},{"position":{"x":40,"y":9685},"id":"476"},{"position":{"x":40,"y":9750},"id":"477"},{"position":{"x":40,"y":9815},"id":"478"},{"position":{"x":40,"y":9880},"id":"480"},{"position":{"x":40,"y":9945},"id":"481"},{"position":{"x":40,"y":10010},"id":"482"},{"position":{"x":40,"y":10075},"id":"483"},{"position":{"x":40,"y":10140},"id":"485"},{"position":{"x":40,"y":10205},"id":"486"},{"position":{"x":40,"y":10270},"id":"487"},{"position":{"x":40,"y":10335},"id":"489"},{"position":{"x":40,"y":10400},"id":"490"},{"position":{"x":40,"y":10465},"id":"492"},{"position":{"x":40,"y":10530},"id":"493"},{"position":{"x":40,"y":10595},"id":"494"},{"position":{"x":40,"y":10660},"id":"495"},{"position":{"x":40,"y":10725},"id":"497"},{"position":{"x":40,"y":10790},"id":"498"},{"position":{"x":40,"y":10855},"id":"499"},{"position":{"x":40,"y":10920},"id":"500"},{"position":{"x":40,"y":10985},"id":"501"},{"position":{"x":40,"y":11050},"id":"510"},{"position":{"x":40,"y":11115},"id":"511"},{"position":{"x":40,"y":11180},"id":"520"},{"position":{"x":40,"y":11245},"id":"521"},{"position":{"x":40,"y":11310},"id":"530"},{"position":{"x":40,"y":11375},"id":"531"},{"position":{"x":40,"y":11440},"id":"532"},{"position":{"x":40,"y":11505},"id":"540"},{"position":{"x":40,"y":11570},"id":"550"},{"position":{"x":40,"y":11635},"id":"551"},{"position":{"x":40,"y":11700},"id":"560"},{"position":{"x":40,"y":11765},"id":"562"},{"position":{"x":40,"y":11830},"id":"563"},{"position":{"x":40,"y":11895},"id":"570"},{"position":{"x":40,"y":11960},"id":"571"},{"position":{"x":40,"y":12025},"id":"580"},{"position":{"x":40,"y":12090},"id":"581"},{"position":{"x":40,"y":12155},"id":"590"},{"position":{"x":40,"y":12220},"id":"591"},{"position":{"x":40,"y":12285},"id":"592"},{"position":{"x":40,"y":12350},"id":"600"},{"position":{"x":40,"y":12415},"id":"601"},{"position":{"x":40,"y":12480},"id":"610"},{"position":{"x":40,"y":12545},"id":"611"},{"position":{"x":40,"y":12610},"id":"620"},{"position":{"x":40,"y":12675},"id":"621"},{"position":{"x":40,"y":12740},"id":"622"},{"position":{"x":40,"y":12805},"id":"630"},{"position":{"x":40,"y":12870},"id":"631"},{"position":{"x":40,"y":12935},"id":"632"},{"position":{"x":40,"y":13000},"id":"673"},{"position":{"x":40,"y":13065},"id":"674"},{"position":{"x":40,"y":13130},"id":"675"},{"position":{"x":40,"y":13195},"id":"676"},{"position":{"x":40,"y":13260},"id":"677"},{"position":{"x":40,"y":13325},"id":"678"},{"position":{"x":40,"y":13390},"id":"679"},{"position":{"x":40,"y":13455},"id":"680"},{"position":{"x":40,"y":13520},"id":"681"},{"position":{"x":40,"y":13585},"id":"682"},{"position":{"x":40,"y":13650},"id":"683"},{"position":{"x":40,"y":13715},"id":"684"},{"position":{"x":40,"y":13780},"id":"685"},{"position":{"x":40,"y":13845},"id":"686"},{"position":{"x":40,"y":13910},"id":"687"},{"position":{"x":40,"y":13975},"id":"688"},{"position":{"x":40,"y":14040},"id":"689"},{"position":{"x":40,"y":14105},"id":"700"},{"position":{"x":40,"y":14170},"id":"702"},{"position":{"x":40,"y":14235},"id":"703"},{"position":{"x":40,"y":14300},"id":"704"},{"position":{"x":40,"y":14365},"id":"710"},{"position":{"x":40,"y":14430},"id":"711"},{"position":{"x":40,"y":14495},"id":"712"},{"position":{"x":40,"y":14560},"id":"713"},{"position":{"x":40,"y":14625},"id":"720"},{"position":{"x":40,"y":14690},"id":"721"},{"position":{"x":40,"y":14755},"id":"730"},{"position":{"x":40,"y":14820},"id":"731"},{"position":{"x":40,"y":14885},"id":"732"},{"position":{"x":40,"y":14950},"id":"740"},{"position":{"x":40,"y":15015},"id":"741"},{"position":{"x":40,"y":15080},"id":"742"},{"position":{"x":40,"y":15145},"id":"743"},{"position":{"x":40,"y":15210},"id":"750"},{"position":{"x":40,"y":15275},"id":"751"},{"position":{"x":40,"y":15340},"id":"752"},{"position":{"x":40,"y":15405},"id":"753"},{"position":{"x":40,"y":15470},"id":"760"},{"position":{"x":40,"y":15535},"id":"761"},{"position":{"x":40,"y":15600},"id":"762"},{"position":{"x":40,"y":15665},"id":"763"},{"position":{"x":40,"y":15730},"id":"770"},{"position":{"x":40,"y":15795},"id":"771"},{"position":{"x":40,"y":15860},"id":"783"},{"position":{"x":40,"y":15925},"id":"784"},{"position":{"x":40,"y":15990},"id":"785"},{"position":{"x":40,"y":16055},"id":"786"},{"position":{"x":40,"y":16120},"id":"787"},{"position":{"x":40,"y":16185},"id":"790"},{"position":{"x":40,"y":16250},"id":"791"},{"position":{"x":40,"y":16315},"id":"793"},{"position":{"x":40,"y":16380},"id":"795"},{"position":{"x":40,"y":16445},"id":"796"},{"position":{"x":40,"y":16510},"id":"797"},{"position":{"x":40,"y":16575},"id":"798"},{"position":{"x":40,"y":16640},"id":"799"},{"position":{"x":40,"y":16705},"id":"820"},{"position":{"x":40,"y":16770},"id":"821"},{"position":{"x":40,"y":16835},"id":"822"},{"position":{"x":40,"y":16900},"id":"823"},{"position":{"x":40,"y":16965},"id":"850"},{"position":{"x":40,"y":17030},"id":"851"},{"position":{"x":40,"y":17095},"id":"852"},{"position":{"x":40,"y":17160},"id":"853"},{"position":{"x":40,"y":17225},"id":"854"},{"position":{"x":40,"y":17290},"id":"855"},{"position":{"x":40,"y":17355},"id":"856"},{"position":{"x":40,"y":17420},"id":"857"},{"position":{"x":40,"y":17485},"id":"858"},{"position":{"x":40,"y":17550},"id":"859"},{"position":{"x":40,"y":17615},"id":"860"},{"position":{"x":40,"y":17680},"id":"900"},{"position":{"x":40,"y":17745},"id":"901"},{"position":{"x":40,"y":17810},"id":"902"},{"position":{"x":40,"y":17875},"id":"903"},{"position":{"x":40,"y":17940},"id":"904"},{"position":{"x":40,"y":18005},"id":"905"},{"position":{"x":40,"y":18070},"id":"906"},{"position":{"x":40,"y":18135},"id":"907"},{"position":{"x":40,"y":18200},"id":"908"},{"position":{"x":40,"y":18265},"id":"909"},{"position":{"x":40,"y":18330},"id":"911"},{"position":{"x":40,"y":18395},"id":"912"},{"position":{"x":40,"y":18460},"id":"913"},{"position":{"x":40,"y":18525},"id":"914"},{"position":{"x":40,"y":18590},"id":"915"},{"position":{"x":40,"y":18655},"id":"916"},{"position":{"x":40,"y":18720},"id":"917"},{"position":{"x":40,"y":18785},"id":"918"},{"position":{"x":40,"y":18850},"id":"919"},{"position":{"x":40,"y":18915},"id":"920"},{"position":{"x":40,"y":18980},"id":"921"},{"position":{"x":40,"y":19045},"id":"922"},{"position":{"x":40,"y":19110},"id":"930"},{"position":{"x":40,"y":19175},"id":"932"},{"position":{"x":40,"y":19240},"id":"933"},{"position":{"x":40,"y":19305},"id":"934"},{"position":{"x":40,"y":19370},"id":"935"},{"position":{"x":40,"y":19435},"id":"936"},{"position":{"x":40,"y":19500},"id":"937"},{"position":{"x":40,"y":19565},"id":"938"},{"position":{"x":40,"y":19630},"id":"939"},{"position":{"x":40,"y":19695},"id":"940"},{"position":{"x":40,"y":19760},"id":"941"},{"position":{"x":40,"y":19825},"id":"942"},{"position":{"x":40,"y":19890},"id":"943"},{"position":{"x":40,"y":19955},"id":"944"},{"position":{"x":40,"y":20020},"id":"945"},{"position":{"x":40,"y":20085},"id":"946"},{"position":{"x":40,"y":20150},"id":"947"},{"position":{"x":40,"y":20215},"id":"948"},{"position":{"x":40,"y":20280},"id":"949"},{"position":{"x":40,"y":20345},"id":"950"},{"position":{"x":40,"y":20410},"id":"951"},{"position":{"x":40,"y":20475},"id":"952"},{"position":{"x":40,"y":20540},"id":"953"},{"position":{"x":40,"y":20605},"id":"954"},{"position":{"x":40,"y":20670},"id":"955"},{"position":{"x":40,"y":20735},"id":"956"},{"position":{"x":40,"y":20800},"id":"957"},{"position":{"x":40,"y":20865},"id":"958"},{"position":{"x":40,"y":20930},"id":"959"},{"position":{"x":40,"y":20995},"id":"960"},{"position":{"x":40,"y":21060},"id":"961"},{"position":{"x":40,"y":21125},"id":"962"},{"position":{"x":40,"y":21190},"id":"963"},{"position":{"x":40,"y":21255},"id":"964"},{"position":{"x":40,"y":21320},"id":"965"},{"position":{"x":40,"y":21385},"id":"966"},{"position":{"x":40,"y":21450},"id":"967"},{"position":{"x":40,"y":21515},"id":"968"},{"position":{"x":40,"y":21580},"id":"969"},{"position":{"x":40,"y":21645},"id":"970"},{"position":{"x":40,"y":21710},"id":"971"},{"position":{"x":40,"y":21775},"id":"972"},{"position":{"x":40,"y":21840},"id":"973"},{"position":{"x":40,"y":21905},"id":"974"},{"position":{"x":40,"y":21970},"id":"975"},{"position":{"x":40,"y":22035},"id":"976"},{"position":{"x":40,"y":22100},"id":"977"},{"position":{"x":40,"y":22165},"id":"978"},{"position":{"x":40,"y":22230},"id":"979"},{"position":{"x":40,"y":22295},"id":"999"}],"name":"ヒラギノ角ゴ ProN","size":55,"bold":true,"italic":false,"color":"ffffff"}
